,name,publicKey,privateKey
0,Martha,"PublicKey(8575939240597149489178896625382785627773554314680810353486307060927715812064798978726877870216998858858645547725748164702599642909203202525480101499770549, 65537)","PrivateKey(8575939240597149489178896625382785627773554314680810353486307060927715812064798978726877870216998858858645547725748164702599642909203202525480101499770549, 65537, 7505140900639469487501204465450116527996771810797003173991083741587930670494096721524237171439657726487027752844370281314323483257059050575710045014620161, 5805922232148581001275153297352047391209164128155792697033409699457830381225299713, 1477101982715238028975644119515476962471819706586155831805308659143195573)"
1,Tim,"PublicKey(6921518199514511040563981315438658411352373765785233224920572301638678595438895420936539460298637640554173054293074507124382812409091300132275802117100921, 65537)","PrivateKey(6921518199514511040563981315438658411352373765785233224920572301638678595438895420936539460298637640554173054293074507124382812409091300132275802117100921, 65537, 2026807082516486585889854058388136374448989196014227242923092345404090525875285767487733016654262957190073847888871488371424003326563018635768912860000365, 6814613030058751948596024396349682619152840815800464693721448195821033102526401119, 1015687636111428239495727485367268721629894101908269410791760273343717159)"
2,Rob,"PublicKey(12208962666501481589217452636297926955416830105529436119872541388885342995522183632953151372054597291905209663130612819974173919447043927535793203404807923, 65537)","PrivateKey(12208962666501481589217452636297926955416830105529436119872541388885342995522183632953151372054597291905209663130612819974173919447043927535793203404807923, 65537, 3615538511550128243336318732399563091852386265592189087301620203480274298783092330725318654527033295599497053218866185068876630160013162714805374367146625, 7097434966829350500825723203214350159279225423328976832836085203449008235701749757, 1720193664832636398372215729283949578690798502996120376764021168244088239)"
3,Georgia,"PublicKey(10327408530861911820148802444659338161990494445986117127275203592990300746736043036807401205147062140869180464782978734526350493457967791492330446389115577, 65537)","PrivateKey(10327408530861911820148802444659338161990494445986117127275203592990300746736043036807401205147062140869180464782978734526350493457967791492330446389115577, 65537, 4955618100897895889650724617844070777091979634975226382326786435026915752723875345857575436685103011693915692644858514311460447087327889242152991987777537, 6267185920510986815631293140979520578547473852142858020450342997100009106423511809, 1647854182379175382572687336347877928286882726099643114245317376727783353)"
4,Sid,"PublicKey(7912039737337007244615513370953584916655571214820961589898556259014825811762927637701925602036576440296686838350299338810952448341644572152261874795577817, 65537)","PrivateKey(7912039737337007244615513370953584916655571214820961589898556259014825811762927637701925602036576440296686838350299338810952448341644572152261874795577817, 65537, 1487710235183239090519812796897340844529755772773222907248117991056040075412103686837784925637301098590361825410882280597789061716918362484652158394632477, 4550151581082938125238557392287582332663296423283795435407773107894197018898279703, 1738851903358775187072924764394055417065962357594937866744744357259869839)"
5,Johny,"PublicKey(7990415857004672692174161879495902562053362193976994036547162937080004179141179740854055382269407810928641569216623720692810485210723700297109502708154677, 65537)","PrivateKey(7990415857004672692174161879495902562053362193976994036547162937080004179141179740854055382269407810928641569216623720692810485210723700297109502708154677, 65537, 2276897266117800059910470010827257584972558081275010507538005521308101956621013633155505411753429704016028886767950395082884965341884541199714909696979873, 6125309834536853737170155376687199486511085283166376878284721063148486401943932269, 1304491702926051764249555327572410456667154786384578959686469631590944233)"
6,William,"PublicKey(6925488933921619907878193697460135949294473517511223184153596365084910580397441382605256650266966838523569962107697849959007095858973683382685314939661197, 65537)","PrivateKey(6925488933921619907878193697460135949294473517511223184153596365084910580397441382605256650266966838523569962107697849959007095858973683382685314939661197, 65537, 4761518010796561811329226693529704834509661446595636136148693083515586395275150802644248269381627561301734386239489989671092198562861621217755911959528993, 5658819615410221285319763975155741126704152100798688049386509164804232259878209977, 1223839847282280750470699150524221852645208426680319507154585033088223861)"
7,Ema,"PublicKey(8997699259190112212843023193970302988289995806703758023971771376533585782593988018234978371969672611806286069386926215916686596996777070876285545309550509, 65537)","PrivateKey(8997699259190112212843023193970302988289995806703758023971771376533585782593988018234978371969672611806286069386926215916686596996777070876285545309550509, 65537, 4681791086525810100708911514679971652710333811501973730495161141205300953390404101947928891067649399759979689967344470092990717074157829312266411917505665, 5568478101092878595561148176967907023716168479755653950065033143828283847543402573, 1615827358183236651134974777719968769958154941735735550178173720937387233)"
8,Bob,"PublicKey(7441415910578251255150324447144237631275532472465731489648362983576134253060538321973736646986183861913797990788186442470723862082990633167038096654373607, 65537)","PrivateKey(7441415910578251255150324447144237631275532472465731489648362983576134253060538321973736646986183861913797990788186442470723862082990633167038096654373607, 65537, 3840441435273024279459685731354189990427275200515867924597961169926844205007633452538157331697411869884025418692775285766926073855489500100184997797573537, 5253268900961273825797176474867098603173408965036774773511294147188020756476138743, 1416530554759261896800731440807326514973285217765818374396194284841346449)"
9,Jimmy,"PublicKey(7120456441122794614156229233949829879780199695218032217755228596636180259939331403012691859150794164123706835141928174751874662964679185875923886520277649, 65537)","PrivateKey(7120456441122794614156229233949829879780199695218032217755228596636180259939331403012691859150794164123706835141928174751874662964679185875923886520277649, 65537, 3583859135555129211629421204984498655941371548079131036435509261770313591583927756723656573570518979446314687998176592693553139047758437008933766413177673, 6145725830023667432802347936846902340851561174889881067658375413840721691239298051, 1158603009320279660976764304290473125025475312587182184505508014433940699)"
